"post_id","user_id","post_type","likes","comments","share","reach","timestamps","content_length"
"1","72","reels","27374","107","547","499766","2024-03-14T21:55:56Z","139"
"2","74","carousel","9822","544","517","7182","2024-10-26T06:04:56Z","209"
"3","40","static","57040","753","124","947827","2024-03-05T13:14:53Z","116"
"4","32","static","11713","282","552","48221","2024-12-03T07:25:46Z","262"
"5","90","reels","41491","959","272","193374","2024-04-05T02:30:09Z","247"
"6","31","static","84047","931","15","283444","2024-03-07T04:21:59Z","76"
"7","40","carousel","21921","572","267","458160","2024-07-14T04:08:50Z","99"
"8","67","carousel","18067","726","600","858535","2024-11-01T01:08:58Z","295"
"9","59","static","84462","721","700","285776","2024-10-12T20:51:49Z","115"
"10","88","static","64125","523","987","819872","2024-11-20T03:54:55Z","200"
"11","39","reels","15591","251","790","921061","2024-09-02T23:40:05Z","206"
"12","36","carousel","97533","116","368","931103","2024-06-23T04:36:40Z","108"
"13","46","static","69602","834","265","549164","2024-06-21T05:15:58Z","153"
"14","99","static","33090","120","242","331874","2024-05-29T19:11:40Z","127"
"15","80","static","64241","347","348","881004","2024-12-30T11:18:10Z","61"
"16","94","static","95155","231","462","413747","2024-03-27T09:47:56Z","290"
"17","34","reels","33227","865","845","125246","2024-06-17T05:28:39Z","284"
"18","5","carousel","10937","108","835","900979","2024-06-05T23:12:17Z","252"
"19","79","carousel","73001","961","4","376705","2024-08-08T15:36:03Z","52"
"20","52","carousel","94041","297","1","333998","2024-05-17T12:12:53Z","70"
"21","40","reels","50738","52","141","325563","2024-05-04T04:04:52Z","102"
"22","81","static","72443","866","679","545706","2024-02-22T16:48:45Z","153"
"23","18","static","94163","150","450","201523","2024-07-12T19:27:29Z","100"
"24","50","static","44138","823","918","65969","2024-11-01T23:42:47Z","95"
"25","100","carousel","23882","971","528","355466","2024-03-30T12:01:55Z","212"
"26","72","static","5652","410","78","432874","2024-03-30T02:01:54Z","185"
"27","77","carousel","46749","315","189","412079","2024-10-29T10:02:35Z","277"
"28","17","static","97974","526","700","271657","2024-12-08T04:32:36Z","186"
"29","86","static","6509","791","975","394318","2024-03-22T21:13:24Z","231"
"30","91","static","84257","412","586","754658","2024-06-29T01:50:13Z","66"
"31","63","reels","87901","907","262","945975","2024-08-29T01:28:36Z","156"
"32","4","carousel","78195","715","386","417937","2024-11-17T20:11:57Z","249"
"33","98","static","70223","192","612","657839","2024-01-20T06:34:31Z","157"
"34","57","static","58790","685","412","266952","2024-03-30T11:52:22Z","154"
"35","7","reels","29103","5","318","206402","2024-11-14T20:07:36Z","265"
"36","19","static","3945","946","506","31974","2024-08-23T23:03:09Z","135"
"37","75","static","80172","148","526","280400","2024-05-28T12:48:10Z","171"
"38","51","reels","60028","804","234","821071","2024-07-01T02:37:58Z","221"
"39","19","reels","76928","22","870","497668","2024-11-29T10:03:52Z","137"
"40","61","carousel","91768","750","8","192678","2024-03-24T02:30:09Z","111"
"41","33","reels","45719","590","493","794349","2024-04-23T00:27:18Z","122"
"42","36","static","89932","162","826","904055","2024-03-01T20:35:51Z","287"
"43","55","static","42863","538","835","3448","2024-10-31T02:19:26Z","287"
"44","34","reels","52203","981","546","609926","2024-02-14T09:55:18Z","214"
"45","11","carousel","60565","147","806","340285","2024-09-29T08:40:31Z","225"
"46","87","carousel","8276","538","491","16516","2024-11-14T08:16:45Z","282"
"47","62","reels","31223","723","544","630025","2024-04-18T19:22:44Z","287"
"48","99","static","79387","44","50","311556","2024-07-09T23:57:28Z","295"
"49","55","carousel","53362","221","211","982857","2024-01-09T14:05:23Z","98"
"50","69","static","73080","72","404","885041","2024-03-08T03:24:04Z","186"
"51","36","reels","62757","729","897","184353","2024-02-28T22:00:21Z","298"
"52","73","static","87369","535","124","300001","2024-12-12T05:11:10Z","124"
"53","80","carousel","15903","670","357","140805","2024-11-22T04:25:37Z","226"
"54","68","reels","92121","693","479","524365","2024-07-03T20:10:38Z","139"
"55","72","static","15544","773","783","418432","2024-06-26T14:23:52Z","77"
"56","87","reels","74214","567","295","598006","2024-10-20T09:34:02Z","143"
"57","70","reels","76972","110","817","119040","2024-03-29T07:53:34Z","189"
"58","63","static","38680","796","415","313121","2024-01-24T10:36:07Z","163"
"59","6","carousel","80287","378","164","617396","2024-03-01T08:31:44Z","225"
"60","96","static","47475","808","581","438225","2024-07-16T06:46:46Z","234"
"61","71","carousel","53032","280","109","173083","2024-09-27T07:11:41Z","72"
"62","79","carousel","18424","532","57","939786","2024-10-03T04:53:41Z","192"
"63","52","reels","23305","37","867","50235","2024-01-29T02:24:54Z","220"
"64","28","carousel","63118","572","291","291838","2024-12-19T09:15:02Z","64"
"65","26","carousel","59135","15","185","244061","2024-09-01T09:04:27Z","180"
"66","39","reels","9094","973","580","635299","2024-07-02T05:34:28Z","235"
"67","97","static","30559","736","950","343206","2024-11-16T06:12:40Z","220"
"68","88","static","7974","457","913","17575","2024-12-15T15:27:19Z","232"
"69","83","carousel","90670","46","241","124722","2024-04-18T22:45:40Z","216"
"70","16","carousel","36962","835","96","8360","2024-05-29T13:50:09Z","245"
"71","32","reels","92204","578","349","806956","2024-04-21T23:15:47Z","148"
"72","91","reels","83177","18","217","458696","2024-08-07T21:59:45Z","175"
"73","68","carousel","66947","157","311","927091","2024-02-19T15:30:09Z","201"
"74","93","reels","44710","183","856","468629","2024-05-25T05:53:39Z","177"
"75","48","static","81148","189","922","933024","2024-01-24T01:59:35Z","214"
"76","74","static","25051","936","815","450707","2024-08-16T17:51:02Z","164"
"77","100","static","82999","863","75","955358","2024-03-22T00:36:00Z","84"
"78","82","reels","54464","239","406","77834","2024-05-17T04:35:20Z","256"
"79","51","static","91657","487","710","167130","2024-11-15T10:43:15Z","78"
"80","33","reels","40365","385","9","614566","2024-04-24T09:49:33Z","88"
"81","52","reels","14737","353","661","582562","2024-01-27T09:19:18Z","291"
"82","10","carousel","70361","415","164","317600","2024-02-20T19:20:49Z","187"
"83","85","carousel","49777","126","557","840022","2024-05-03T07:11:16Z","266"
"84","26","static","64268","981","979","274819","2024-07-14T01:40:40Z","62"
"85","29","static","40886","146","60","330769","2024-08-27T09:03:11Z","207"
"86","65","carousel","42264","718","217","860530","2024-06-10T08:23:08Z","148"
"87","9","carousel","31392","965","568","920578","2024-11-06T21:18:04Z","225"
"88","12","carousel","75722","700","928","230001","2024-11-11T05:40:54Z","176"
"89","20","reels","61341","480","4","400056","2024-11-26T07:39:04Z","170"
"90","26","static","44627","546","704","804125","2024-01-06T06:12:50Z","158"
"91","92","static","70576","743","397","548795","2024-06-01T13:52:19Z","187"
"92","32","static","88675","741","847","549665","2024-01-18T10:54:58Z","236"
"93","62","static","71838","640","842","701081","2024-07-25T19:24:03Z","55"
"94","60","static","95905","462","850","436701","2024-10-23T21:23:27Z","95"
"95","11","carousel","7210","701","435","252891","2024-02-23T01:17:19Z","61"
"96","49","reels","52850","335","829","417316","2024-06-04T01:13:44Z","257"
"97","59","reels","2257","142","208","895940","2024-06-18T20:03:16Z","226"
"98","48","carousel","91311","532","142","337534","2024-09-10T16:08:03Z","275"
"99","26","reels","3340","861","156","503693","2024-07-14T04:05:50Z","245"
"100","54","reels","10425","869","782","222174","2024-12-31T05:35:11Z","79"
"101","82","carousel","72440","593","43","193866","2024-04-19T05:20:41Z","292"
"102","87","static","86181","597","155","669015","2024-08-28T08:46:58Z","220"
"103","100","reels","97383","86","861","484298","2024-10-21T07:55:16Z","75"
"104","58","reels","68552","458","877","829003","2024-04-11T19:13:35Z","116"
"105","82","carousel","75563","583","5","327161","2024-04-13T18:14:45Z","109"
"106","92","reels","32807","696","606","659634","2024-06-19T07:58:53Z","235"
"107","45","static","88409","422","298","136426","2024-12-09T18:25:56Z","81"
"108","68","static","89576","283","477","723234","2024-02-16T05:22:08Z","169"
"109","54","static","24211","857","917","355987","2024-03-31T01:06:10Z","122"
"110","58","reels","64032","362","127","687949","2024-02-28T04:46:06Z","122"
"111","28","carousel","49284","819","387","58327","2024-11-24T11:36:04Z","137"
"112","56","static","57672","144","154","995879","2024-07-21T06:09:19Z","274"
"113","15","reels","56702","244","371","15347","2024-12-02T07:11:26Z","198"
"114","94","carousel","6584","750","300","853307","2024-02-20T01:42:44Z","176"
"115","68","static","32825","47","606","652516","2024-05-27T14:39:44Z","102"
"116","45","carousel","84989","937","519","428348","2024-06-15T17:39:19Z","219"
"117","55","reels","10632","572","7","516065","2024-03-13T13:27:37Z","289"
"118","61","carousel","52352","536","983","748403","2024-02-08T06:04:01Z","75"
"119","20","static","3402","66","338","726833","2024-01-14T19:57:49Z","129"
"120","23","reels","69030","172","511","843803","2024-12-13T19:36:04Z","57"
"121","97","static","6734","963","225","110841","2024-02-16T01:22:16Z","52"
"122","47","static","37918","889","381","874416","2025-01-03T19:27:59Z","294"
"123","74","reels","46577","946","216","809767","2024-05-19T02:54:40Z","123"
"124","27","static","90903","965","884","116784","2024-08-19T00:16:38Z","216"
"125","17","reels","60887","568","870","179508","2024-04-09T16:39:39Z","150"
"126","8","carousel","85934","166","616","867854","2024-10-01T06:21:46Z","240"
"127","22","reels","98433","43","227","930134","2024-07-16T11:03:27Z","106"
"128","69","carousel","13239","264","374","430454","2024-01-31T13:43:22Z","163"
"129","77","static","22253","985","615","895506","2024-08-30T17:57:45Z","157"
"130","100","carousel","9313","433","704","351635","2024-04-09T16:06:06Z","134"
"131","84","static","69179","443","636","903051","2024-07-08T20:19:27Z","184"
"132","36","carousel","59282","383","757","889441","2024-03-10T20:43:23Z","138"
"133","34","static","33475","589","579","110624","2024-09-14T06:35:02Z","133"
"134","55","static","6335","235","579","632707","2024-04-24T19:37:04Z","167"
"135","89","reels","44064","171","425","398010","2024-01-06T04:55:55Z","139"
"136","26","reels","92303","23","669","320105","2024-02-12T13:14:11Z","158"
"137","97","static","50805","784","839","656204","2024-07-03T17:02:44Z","217"
"138","29","reels","17211","992","18","222065","2024-11-09T23:00:28Z","254"
"139","2","static","86462","81","155","756522","2024-02-18T06:13:43Z","120"
"140","16","carousel","33199","935","31","744116","2024-06-12T18:58:31Z","58"
"141","96","static","80245","443","27","338604","2024-12-11T12:29:25Z","200"
"142","12","static","16117","271","273","279074","2024-11-24T05:23:42Z","214"
"143","13","carousel","10829","335","725","336620","2024-05-29T21:20:32Z","190"
"144","75","carousel","5800","155","2","197972","2024-09-22T19:59:04Z","104"
"145","59","carousel","13150","429","98","243445","2024-02-21T01:31:51Z","145"
"146","31","reels","46876","647","645","986207","2024-02-09T20:12:23Z","246"
"147","59","static","4097","317","100","227971","2024-06-13T20:39:55Z","146"
"148","62","reels","50801","470","567","568313","2024-09-01T20:32:20Z","112"
"149","16","reels","44593","581","136","80972","2024-04-18T06:06:48Z","151"
"150","44","carousel","11017","635","232","147406","2024-12-17T02:18:34Z","220"
"151","9","carousel","32499","249","194","299540","2024-07-18T20:18:40Z","231"
"152","39","static","46028","203","894","737892","2024-12-22T17:24:29Z","220"
"153","40","carousel","71884","678","104","500879","2024-07-11T14:07:51Z","131"
"154","96","static","77724","910","135","793820","2024-04-08T23:19:36Z","289"
"155","17","carousel","77511","223","249","519729","2025-01-04T01:27:34Z","178"
"156","32","reels","37245","629","181","13279","2024-11-19T15:06:09Z","209"
"157","29","reels","3124","854","787","171773","2024-05-27T12:39:31Z","143"
"158","56","static","97741","709","695","298549","2025-01-03T12:12:07Z","243"
"159","99","static","82808","651","801","244842","2024-12-06T09:51:46Z","144"
"160","63","carousel","98750","25","45","296108","2024-07-11T19:46:22Z","224"
"161","70","static","27792","320","794","262959","2024-04-04T08:39:42Z","53"
"162","5","static","10588","995","35","118541","2024-06-09T23:36:42Z","255"
"163","69","reels","35768","901","295","181768","2024-05-10T13:58:56Z","176"
"164","65","static","64680","528","205","647540","2024-01-15T23:29:32Z","120"
"165","48","reels","76911","863","889","692962","2024-08-10T22:22:02Z","167"
"166","9","reels","57420","305","258","867904","2024-11-28T12:29:17Z","297"
"167","71","carousel","79846","475","301","899110","2024-05-13T02:22:37Z","243"
"168","98","static","1091","711","4","836677","2024-10-16T09:45:56Z","179"
"169","76","reels","22640","680","487","352138","2024-03-17T06:04:40Z","167"
"170","30","static","57465","827","736","927473","2024-12-17T05:29:20Z","140"
"171","39","static","62246","316","415","247622","2024-07-28T14:57:16Z","129"
"172","63","reels","78902","843","670","42505","2024-12-24T06:39:20Z","64"
"173","19","carousel","25104","486","484","771871","2024-08-17T11:06:45Z","117"
"174","94","reels","59294","854","171","64832","2024-12-06T11:47:11Z","112"
"175","11","static","85362","448","402","611360","2024-07-25T04:16:50Z","243"
"176","96","carousel","71853","784","168","983120","2024-12-20T04:55:19Z","82"
"177","37","static","89820","835","990","234648","2024-07-31T04:10:00Z","182"
"178","86","static","77733","575","874","384088","2024-04-08T14:52:37Z","203"
"179","100","static","85992","446","168","552467","2024-05-14T02:23:05Z","259"
"180","19","static","20429","213","545","815913","2024-12-31T19:49:52Z","96"
"181","45","static","6978","575","612","984044","2024-04-01T21:29:22Z","106"
"182","80","reels","27069","703","677","440952","2024-04-16T14:48:15Z","90"
"183","55","reels","8707","840","512","284751","2024-05-04T04:48:55Z","89"
"184","97","reels","46705","783","166","984608","2024-07-21T07:11:06Z","112"
"185","97","carousel","12841","393","414","775777","2024-12-09T08:00:36Z","93"
"186","75","static","76767","994","942","489753","2024-05-11T13:06:40Z","257"
"187","54","static","54740","373","868","535923","2024-04-17T16:38:12Z","149"
"188","77","reels","83363","850","303","331034","2024-05-06T18:43:16Z","137"
"189","57","static","76050","265","856","187885","2024-11-30T11:02:26Z","254"
"190","85","static","9724","484","419","512582","2024-05-17T14:33:33Z","174"
"191","88","carousel","1850","49","528","207084","2024-09-30T02:15:05Z","183"
"192","51","static","75996","728","35","872319","2024-07-04T02:58:28Z","265"
"193","36","reels","79585","854","823","995294","2024-04-20T01:38:16Z","231"
"194","32","reels","64505","148","405","920784","2024-07-29T10:49:30Z","88"
"195","72","carousel","40460","925","663","456486","2024-02-06T14:06:08Z","154"
"196","31","carousel","6282","825","494","692667","2024-11-29T21:43:04Z","133"
"197","56","reels","10027","674","59","526407","2024-12-20T16:55:30Z","80"
"198","20","carousel","94675","562","271","975326","2024-09-10T14:26:23Z","178"
"199","80","carousel","81612","615","402","214739","2024-07-13T02:12:25Z","248"
"200","5","static","85284","4","242","920823","2024-09-28T05:27:37Z","203"
"201","74","carousel","74443","897","527","106690","2024-10-12T21:11:24Z","149"
"202","12","reels","84330","275","822","324353","2024-09-18T10:08:57Z","184"
"203","95","reels","66831","465","345","509379","2024-09-15T10:27:44Z","85"
"204","37","carousel","4420","94","960","354528","2024-10-08T02:20:23Z","230"
"205","10","static","3997","73","34","199083","2024-06-26T20:52:22Z","71"
"206","65","static","13469","880","718","448108","2024-10-21T21:48:49Z","154"
"207","93","carousel","67259","267","230","854097","2024-02-12T13:15:27Z","275"
"208","64","static","85982","319","521","796080","2024-02-15T20:55:35Z","279"
"209","1","reels","7012","279","37","242502","2024-09-07T07:10:53Z","240"
"210","31","carousel","26023","559","301","603362","2024-04-20T05:18:08Z","185"
"211","16","static","61333","458","847","164076","2024-09-11T14:10:29Z","219"
"212","48","reels","9594","426","969","875473","2024-10-20T13:55:53Z","129"
"213","5","static","88735","909","82","429270","2024-04-07T05:53:47Z","202"
"214","22","carousel","54801","745","646","73326","2024-08-04T12:13:40Z","239"
"215","71","carousel","22179","273","739","960988","2024-09-10T11:40:58Z","175"
"216","52","carousel","57207","201","285","152893","2024-03-08T14:02:20Z","160"
"217","19","reels","54149","423","226","769348","2024-11-06T11:31:52Z","139"
"218","13","carousel","613","993","415","948796","2024-06-05T06:59:37Z","243"
"219","95","carousel","24934","552","460","775759","2024-08-31T10:50:40Z","214"
"220","51","static","93851","530","851","504802","2024-06-22T01:02:41Z","91"
"221","97","static","29649","790","33","931571","2024-04-30T10:06:47Z","218"
"222","83","reels","79034","808","786","117326","2024-04-16T09:53:03Z","176"
"223","77","carousel","64286","616","305","249603","2024-02-04T18:28:25Z","254"
"224","6","reels","33","555","40","462893","2024-06-16T09:42:32Z","153"
"225","11","carousel","72378","542","11","789753","2024-12-20T03:42:21Z","214"
"226","9","static","73793","564","668","296089","2024-08-15T06:44:50Z","131"
"227","8","carousel","16320","880","356","196795","2024-01-15T00:19:25Z","75"
"228","60","reels","19312","412","859","644224","2024-06-17T03:01:51Z","157"
"229","73","carousel","36773","118","274","581879","2024-06-27T14:59:45Z","127"
"230","43","static","81670","578","370","5953","2024-03-13T05:17:33Z","230"
"231","28","reels","48276","750","722","266371","2024-01-29T09:18:27Z","160"
"232","89","static","84613","435","934","34819","2024-08-27T05:54:38Z","192"
"233","32","carousel","27952","814","77","664524","2024-02-11T23:26:33Z","173"
"234","30","reels","82933","799","285","314565","2024-03-25T22:40:18Z","231"
"235","54","static","88326","41","564","928290","2024-08-27T02:55:41Z","291"
"236","64","carousel","74452","713","227","727182","2024-10-31T14:46:21Z","125"
"237","100","reels","59380","77","824","419205","2024-01-12T19:15:21Z","233"
"238","85","static","16162","406","776","571113","2024-05-10T21:55:37Z","221"
"239","16","reels","89775","121","453","515344","2024-11-16T14:31:12Z","53"
"240","64","reels","32811","430","261","803562","2024-07-05T05:58:00Z","232"
"241","66","carousel","72323","859","143","420392","2024-12-10T00:19:55Z","129"
"242","80","carousel","99324","642","416","744350","2024-12-07T07:50:43Z","106"
"243","54","static","17563","656","382","478779","2024-04-14T07:39:59Z","171"
"244","46","carousel","78257","631","449","268441","2024-09-24T15:20:44Z","294"
"245","31","carousel","84292","393","864","840692","2024-08-16T05:50:08Z","191"
"246","35","carousel","42510","186","457","713103","2024-05-05T17:59:53Z","113"
"247","33","reels","50178","303","245","271860","2024-09-23T10:18:08Z","122"
"248","66","static","38503","202","138","478178","2024-11-27T08:42:38Z","108"
"249","71","reels","13852","831","601","920840","2024-03-24T22:55:07Z","208"
"250","26","carousel","84077","792","350","324789","2024-10-24T00:58:54Z","85"
"251","87","reels","84178","65","775","261363","2024-10-24T07:00:54Z","64"
"252","57","reels","86840","417","59","204129","2024-06-08T22:35:15Z","168"
"253","25","carousel","37786","945","669","157613","2024-12-28T05:03:25Z","80"
"254","69","carousel","62807","743","576","902563","2024-05-03T10:13:55Z","107"
"255","16","reels","98351","400","491","829660","2024-07-24T22:43:08Z","269"
"256","44","static","58953","143","720","541832","2024-07-21T04:10:23Z","100"
"257","56","static","71776","79","735","592895","2024-08-15T15:28:24Z","86"
"258","74","static","23027","247","444","867635","2024-06-23T10:56:23Z","270"
"259","76","static","20941","370","350","431053","2024-11-05T01:12:06Z","114"
"260","69","carousel","59558","170","728","790293","2024-10-12T20:45:51Z","286"
"261","22","reels","14616","11","144","18873","2024-02-04T23:39:17Z","161"
"262","21","static","93474","894","355","102688","2024-09-24T12:17:34Z","240"
"263","63","carousel","66597","822","11","585362","2024-10-14T07:43:16Z","147"
"264","3","carousel","20828","902","864","150425","2024-08-09T06:03:31Z","154"
"265","17","static","39216","529","515","635612","2025-01-03T11:54:32Z","283"
"266","19","carousel","35592","898","546","862404","2024-12-13T10:39:51Z","155"
"267","5","static","78823","44","794","143370","2024-05-24T22:16:08Z","91"
"268","91","carousel","31039","359","947","762443","2024-05-25T23:36:42Z","157"
"269","88","reels","70166","801","147","466581","2024-02-17T02:37:32Z","179"
"270","9","reels","71585","141","741","326375","2024-07-10T06:31:07Z","284"
"271","86","carousel","93428","141","966","47991","2024-10-08T16:54:41Z","295"
"272","52","reels","77988","657","412","543901","2024-04-14T09:18:16Z","216"
"273","71","reels","933","633","809","73347","2024-11-22T06:41:00Z","220"
"274","49","reels","39342","895","765","87280","2024-07-18T07:17:46Z","232"
"275","74","static","23617","964","106","800119","2024-10-02T23:32:53Z","141"
"276","77","reels","73072","925","352","510812","2024-01-26T00:39:05Z","237"
"277","26","carousel","93590","291","516","603752","2024-01-27T00:04:59Z","135"
"278","40","carousel","28007","171","815","361675","2024-09-29T06:03:05Z","225"
"279","88","carousel","47286","801","196","475501","2024-10-07T20:02:56Z","267"
"280","45","static","92909","778","660","969770","2024-08-15T16:15:30Z","116"
"281","100","static","29483","372","971","119404","2024-11-07T06:57:38Z","235"
"282","57","static","60874","602","88","741619","2024-03-30T14:35:49Z","178"
"283","3","static","22849","165","116","181504","2024-03-05T11:08:57Z","111"
"284","36","reels","22848","933","683","972254","2024-05-08T22:27:01Z","121"
"285","80","static","20867","320","709","977971","2024-05-29T08:36:08Z","68"
"286","6","carousel","62353","942","732","851323","2024-12-08T03:54:06Z","129"
"287","100","carousel","67917","906","862","332690","2024-02-04T19:02:53Z","213"
"288","92","reels","54364","158","671","857451","2024-05-12T07:05:56Z","67"
"289","39","static","74348","948","559","139214","2024-06-14T04:26:48Z","142"
"290","100","carousel","97804","426","710","454336","2024-07-13T16:01:12Z","161"
"291","3","reels","93086","557","149","542295","2024-12-03T22:04:44Z","226"
"292","54","carousel","96913","548","330","139246","2024-11-20T22:51:59Z","179"
"293","70","carousel","25956","423","312","113759","2024-08-11T22:43:36Z","217"
"294","73","reels","99987","548","98","9861","2024-01-11T09:07:32Z","109"
"295","19","static","95225","359","759","61353","2024-09-20T03:13:39Z","115"
"296","85","reels","61239","537","234","155891","2024-09-07T07:52:24Z","239"
"297","79","carousel","84570","955","972","85011","2024-10-25T18:01:56Z","137"
"298","99","reels","24953","624","453","887155","2024-12-12T09:32:44Z","97"
"299","76","carousel","46017","222","297","137561","2024-08-04T16:59:44Z","269"
"300","79","carousel","45862","674","188","760851","2024-02-16T19:43:29Z","161"
"301","63","reels","89285","275","179","100805","2024-10-15T08:18:38Z","244"
"302","6","static","31011","793","600","114915","2024-03-24T13:55:35Z","116"
"303","20","static","88200","393","468","798574","2024-07-21T21:25:43Z","282"
"304","12","static","99810","916","890","35919","2024-12-25T16:09:35Z","292"
"305","39","carousel","8744","964","60","791572","2024-05-10T23:07:01Z","198"
"306","13","reels","30542","413","86","4882","2024-05-15T22:01:36Z","57"
"307","78","static","31320","802","32","955291","2024-02-20T23:44:13Z","284"
"308","94","static","40217","981","309","190126","2024-11-19T21:13:20Z","260"
"309","54","reels","57792","34","538","548108","2024-11-19T16:49:41Z","292"
"310","31","static","90986","476","980","691207","2024-07-16T14:51:35Z","63"
"311","29","carousel","3322","957","620","832315","2024-10-15T23:14:06Z","107"
"312","49","reels","59629","571","923","953051","2024-01-28T06:25:14Z","56"
"313","13","carousel","85654","231","301","693064","2024-05-12T05:43:15Z","184"
"314","77","static","13418","863","76","487443","2024-09-18T03:37:11Z","120"
"315","9","carousel","44377","37","102","873002","2024-05-17T16:27:10Z","255"
"316","66","static","68485","169","546","467985","2024-07-02T11:45:43Z","77"
"317","82","carousel","77544","11","616","573204","2024-02-08T16:16:32Z","108"
"318","37","carousel","70872","994","292","458293","2024-07-12T20:59:07Z","142"
"319","71","carousel","4396","726","176","314065","2024-10-01T16:53:19Z","233"
"320","27","carousel","79422","553","378","331090","2024-09-24T18:06:40Z","188"
"321","28","carousel","61897","411","425","887238","2024-01-18T22:29:19Z","82"
"322","55","static","29987","997","887","615578","2024-09-13T12:40:13Z","139"
"323","85","reels","15416","589","342","651850","2024-01-25T00:39:11Z","297"
"324","7","carousel","15307","239","87","48107","2024-12-27T13:43:29Z","62"
"325","72","carousel","20196","22","827","728728","2024-07-19T06:08:04Z","171"
"326","33","carousel","67049","663","563","956044","2024-02-24T00:10:19Z","122"
"327","91","reels","56186","950","586","937787","2024-02-02T00:13:28Z","291"
"328","59","reels","56655","297","212","70138","2025-01-02T06:07:15Z","50"
"329","93","carousel","54731","604","927","950940","2024-08-08T15:39:28Z","168"
"330","94","static","77554","875","535","532771","2024-02-11T03:35:40Z","293"
"331","79","carousel","38618","689","299","578324","2024-04-01T01:27:44Z","131"
"332","45","carousel","62164","475","702","961627","2024-01-15T12:27:07Z","249"
"333","5","carousel","83232","552","757","675846","2024-08-13T13:58:00Z","298"
"334","97","carousel","33730","670","421","941870","2024-02-12T11:10:40Z","152"
"335","2","static","40005","93","970","238974","2024-01-15T15:12:21Z","260"
"336","83","carousel","22988","187","678","377329","2024-06-11T20:58:02Z","53"
"337","26","static","38858","745","844","748964","2024-03-02T05:46:42Z","272"
"338","56","reels","62240","427","465","264999","2024-12-31T12:58:00Z","80"
"339","14","static","13842","874","922","396232","2024-01-23T04:05:24Z","285"
"340","46","static","53841","697","418","552441","2024-04-29T07:57:29Z","249"
"341","1","carousel","92797","561","948","306611","2024-09-03T13:29:44Z","295"
"342","80","carousel","58547","22","481","645356","2024-01-14T13:06:22Z","191"
"343","49","carousel","38612","896","605","586318","2024-10-02T17:25:09Z","116"
"344","88","carousel","41903","504","70","61475","2024-06-12T05:30:17Z","270"
"345","54","reels","10729","207","30","106845","2024-05-24T13:11:12Z","223"
"346","35","reels","65458","815","15","252945","2024-03-18T14:42:58Z","83"
"347","7","static","5303","446","445","822690","2024-04-21T00:35:39Z","187"
"348","20","reels","71461","522","141","449410","2024-12-26T19:03:48Z","108"
"349","57","carousel","35080","107","301","100498","2024-10-06T09:07:56Z","110"
"350","71","carousel","18644","272","693","596207","2024-02-18T09:57:33Z","215"
"351","51","reels","59967","93","192","275536","2024-05-11T12:37:19Z","300"
"352","41","static","80216","711","308","492017","2024-07-22T13:56:12Z","267"
"353","28","static","48468","462","731","351077","2024-04-14T05:03:13Z","290"
"354","22","static","49889","64","428","41516","2024-10-28T09:59:51Z","102"
"355","54","static","12355","497","873","297641","2024-07-12T06:56:04Z","267"
"356","62","reels","85608","446","985","896928","2024-06-08T10:21:41Z","180"
"357","14","reels","43586","642","35","569594","2024-12-29T07:09:25Z","193"
"358","88","carousel","80205","765","950","361039","2024-09-13T23:41:59Z","150"
"359","37","reels","83617","460","42","274750","2024-06-29T23:13:38Z","279"
"360","72","reels","64023","728","309","725046","2024-02-04T15:46:18Z","219"
"361","82","carousel","71218","674","332","623068","2024-07-14T12:48:41Z","226"
"362","32","reels","87069","539","245","690270","2024-12-24T07:01:41Z","201"
"363","94","reels","87705","31","226","113425","2024-02-09T08:54:27Z","142"
"364","27","static","80306","175","412","83111","2024-09-30T10:08:22Z","171"
"365","70","carousel","58440","218","997","858845","2024-11-02T01:07:40Z","197"
"366","51","carousel","68720","764","1000","86488","2024-10-01T22:54:24Z","212"
"367","94","static","47696","293","445","406639","2024-05-23T14:17:14Z","202"
"368","95","static","1143","160","842","71480","2024-12-30T06:25:55Z","188"
"369","39","reels","77270","997","871","683630","2024-04-28T09:20:31Z","201"
"370","96","carousel","37084","727","58","496164","2024-03-20T09:52:23Z","262"
"371","85","carousel","8987","793","946","24106","2024-05-08T10:28:40Z","95"
"372","12","reels","99008","650","10","367338","2024-02-27T12:11:56Z","194"
"373","32","reels","54502","618","853","9794","2024-08-09T15:32:03Z","131"
"374","5","static","68242","719","140","567059","2024-03-19T00:16:08Z","213"
"375","19","reels","50503","231","714","810849","2024-12-09T19:15:45Z","75"
"376","45","carousel","72723","980","228","12097","2024-07-04T09:20:59Z","105"
"377","25","static","88773","464","505","138293","2024-10-14T07:07:35Z","94"
"378","17","carousel","1269","719","928","361011","2024-04-27T10:37:20Z","52"
"379","76","static","15882","88","822","370109","2024-09-19T00:07:51Z","234"
"380","45","reels","25225","768","469","675491","2024-04-12T03:21:14Z","272"
"381","1","static","60905","903","383","437902","2024-08-18T12:19:37Z","257"
"382","25","reels","64372","604","887","398529","2024-03-31T14:05:25Z","67"
"383","44","carousel","50227","330","871","393619","2024-09-11T18:02:45Z","176"
"384","38","reels","71391","925","732","868007","2024-07-24T22:27:48Z","124"
"385","17","reels","16009","290","646","564407","2024-04-03T04:04:07Z","94"
"386","87","reels","42628","536","291","345160","2024-11-27T11:10:30Z","128"
"387","50","static","18726","15","744","437930","2024-12-07T08:41:25Z","68"
"388","69","reels","49002","628","95","796936","2024-03-08T22:33:21Z","64"
"389","11","reels","15981","26","636","834374","2024-04-08T09:23:51Z","207"
"390","13","static","28781","369","199","478835","2024-11-27T07:56:57Z","55"
"391","57","static","12938","935","733","594307","2024-01-15T00:19:16Z","151"
"392","12","static","7386","95","488","158548","2024-09-07T11:35:34Z","136"
"393","81","reels","15553","795","671","802595","2024-07-01T09:59:26Z","163"
"394","64","reels","57569","251","217","487591","2024-04-03T13:15:02Z","200"
"395","61","reels","72521","957","272","92304","2024-08-29T07:28:28Z","53"
"396","84","carousel","61617","900","277","837070","2024-09-06T03:26:20Z","115"
"397","25","static","4486","67","476","442792","2024-09-22T15:04:08Z","74"
"398","19","static","34347","962","356","118079","2024-07-15T05:23:36Z","127"
"399","95","static","68603","368","936","477269","2024-03-27T20:37:21Z","179"
"400","89","static","68626","980","903","398480","2024-12-05T02:11:53Z","198"
"401","26","reels","84797","631","467","405638","2024-09-24T08:56:12Z","163"
"402","75","reels","24948","550","464","215213","2024-12-16T21:40:12Z","299"
"403","71","reels","27161","859","681","168924","2024-09-28T11:29:42Z","199"
"404","45","carousel","87455","719","814","567058","2024-06-15T23:33:04Z","222"
"405","81","static","42472","648","813","586172","2024-10-12T19:10:44Z","87"
"406","64","carousel","51654","992","649","238358","2024-01-19T21:09:28Z","213"
"407","39","static","76918","191","228","602435","2024-09-04T23:00:34Z","115"
"408","4","reels","35513","814","783","663866","2024-03-30T03:51:45Z","290"
"409","83","reels","15956","888","433","770993","2024-04-22T08:29:27Z","121"
"410","24","static","21504","506","792","39863","2024-09-30T23:08:03Z","229"
"411","70","carousel","62863","707","726","791325","2024-01-12T07:59:57Z","221"
"412","30","static","77921","16","140","785478","2024-06-17T09:54:09Z","217"
"413","64","reels","44163","781","238","596609","2024-09-23T19:17:50Z","250"
"414","49","carousel","14209","87","869","672879","2024-03-29T19:18:55Z","91"
"415","37","carousel","98304","958","481","757159","2024-04-09T14:08:44Z","103"
"416","43","reels","57681","952","158","163951","2024-12-30T13:10:37Z","93"
"417","42","static","9489","437","829","66414","2024-12-01T08:19:17Z","180"
"418","78","static","45668","571","707","279239","2024-06-23T18:50:30Z","167"
"419","82","carousel","93602","225","465","830455","2024-05-01T02:57:21Z","258"
"420","41","static","4898","914","611","577435","2024-02-17T13:11:54Z","168"
"421","68","static","96587","908","921","251366","2024-05-23T21:04:05Z","81"
"422","7","carousel","63536","285","176","115720","2024-04-03T11:22:02Z","251"
"423","38","static","92470","646","506","741903","2024-02-22T02:20:41Z","285"
"424","2","carousel","84632","565","702","838263","2024-10-15T20:19:23Z","76"
"425","44","carousel","73392","724","599","249282","2024-05-14T04:49:30Z","260"
"426","34","static","38264","842","708","12667","2024-08-03T20:09:12Z","261"
"427","96","reels","41878","999","206","430872","2024-02-03T07:07:25Z","252"
"428","15","carousel","64228","944","920","94383","2024-06-22T22:23:56Z","167"
"429","30","static","98804","260","477","75089","2024-05-27T16:34:44Z","228"
"430","59","reels","30698","256","645","102360","2024-11-07T16:10:44Z","87"
"431","27","carousel","28050","7","609","157540","2024-12-27T14:21:39Z","57"
"432","73","reels","59523","70","500","906343","2024-02-02T00:41:47Z","229"
"433","49","carousel","12289","658","624","414178","2024-10-27T08:25:14Z","191"
"434","40","carousel","60613","54","572","46591","2024-10-12T23:16:28Z","201"
"435","31","static","53804","894","253","332063","2024-02-27T19:52:47Z","240"
"436","18","carousel","90098","871","994","63728","2024-12-01T07:02:17Z","287"
"437","13","reels","53700","242","139","58329","2024-08-09T20:02:54Z","157"
"438","15","reels","18981","351","778","385200","2024-12-28T00:54:06Z","267"
"439","8","static","47557","587","145","717980","2024-07-30T01:44:04Z","161"
"440","39","reels","56388","991","575","708814","2024-09-13T05:22:55Z","214"
"441","52","carousel","59552","491","988","263767","2024-09-28T04:10:18Z","170"
"442","6","carousel","83872","736","452","977570","2024-05-16T20:40:26Z","293"
"443","59","static","41112","815","186","608899","2024-12-25T04:26:27Z","72"
"444","64","reels","55190","625","107","215962","2024-10-04T17:53:03Z","231"
"445","57","reels","85337","741","305","784696","2024-07-26T02:17:25Z","64"
"446","56","static","22670","871","773","533782","2024-09-27T11:36:01Z","63"
"447","9","reels","9275","817","518","10616","2024-02-08T06:47:03Z","176"
"448","100","carousel","93488","14","851","599602","2024-04-18T04:51:46Z","63"
"449","9","reels","84544","843","135","176608","2024-10-01T06:57:01Z","117"
"450","95","reels","5433","391","371","527302","2024-03-20T21:10:51Z","224"
"451","93","carousel","19038","695","814","687876","2024-09-30T16:07:06Z","78"
"452","78","reels","44050","9","590","673096","2024-12-08T18:03:19Z","176"
"453","50","static","71374","774","807","280194","2024-01-30T05:44:00Z","234"
"454","4","carousel","66850","262","68","923028","2024-09-25T00:54:39Z","97"
"455","88","reels","27399","454","439","710083","2024-12-07T17:01:41Z","108"
"456","25","carousel","52813","682","584","474386","2024-05-06T01:45:47Z","250"
"457","65","reels","88866","769","870","11773","2024-12-07T02:18:38Z","178"
"458","58","reels","61713","873","254","531707","2024-01-19T21:16:47Z","257"
"459","16","carousel","76819","296","813","325556","2024-03-01T18:00:29Z","110"
"460","98","static","52655","890","820","431636","2024-05-22T21:10:00Z","265"
"461","38","static","51977","326","941","60991","2024-06-02T13:34:36Z","252"
"462","63","reels","10914","34","76","820802","2024-11-18T02:47:32Z","253"
"463","73","carousel","22544","426","175","893901","2024-05-03T05:27:40Z","285"
"464","49","carousel","80468","743","650","856463","2024-01-06T23:22:23Z","200"
"465","83","static","10481","505","127","460363","2024-06-06T05:59:35Z","83"
"466","99","static","58548","691","572","886388","2024-09-12T22:23:49Z","140"
"467","48","carousel","94471","545","597","868378","2024-08-07T22:14:56Z","256"
"468","31","static","23245","173","737","796849","2024-09-10T13:49:11Z","179"
"469","43","static","41578","666","203","177917","2024-08-08T13:36:55Z","200"
"470","87","carousel","14674","193","782","366292","2024-07-12T13:27:34Z","230"
"471","80","carousel","1986","333","323","635286","2024-08-31T09:28:56Z","63"
"472","38","reels","12788","525","331","355746","2024-02-18T16:10:47Z","177"
"473","69","reels","43916","58","332","646434","2024-11-19T01:52:06Z","243"
"474","19","static","60696","45","107","119885","2024-03-04T12:13:37Z","274"
"475","98","static","23817","227","296","308831","2024-04-07T03:58:37Z","126"
"476","96","carousel","352","406","697","496257","2024-01-05T01:11:05Z","277"
"477","88","static","72347","18","750","198315","2024-11-28T15:56:39Z","76"
"478","60","reels","46052","491","270","457722","2024-11-02T21:33:44Z","55"
"479","26","static","58942","31","597","792080","2024-09-24T11:31:05Z","88"
"480","78","static","65713","394","478","541705","2024-06-21T21:49:30Z","282"
"481","91","reels","91290","919","116","996002","2024-12-06T18:49:33Z","238"
"482","37","static","54068","257","442","579209","2024-04-11T22:09:14Z","296"
"483","80","static","34050","875","719","324597","2024-08-09T04:28:35Z","282"
"484","26","static","73803","380","428","329014","2024-05-15T20:04:28Z","216"
"485","60","reels","10628","647","756","562443","2024-05-07T16:43:44Z","240"
"486","39","static","95936","57","560","880898","2024-08-18T13:14:30Z","268"
"487","51","reels","43190","393","229","383364","2024-05-18T08:05:34Z","214"
"488","43","reels","29839","906","444","417902","2024-04-01T06:02:03Z","163"
"489","31","reels","16475","429","361","59924","2024-09-27T17:21:58Z","107"
"490","27","carousel","64466","226","344","122462","2024-05-12T12:21:26Z","103"
"491","90","carousel","24074","3","50","718689","2024-06-08T19:03:09Z","127"
"492","3","reels","65148","303","664","855655","2024-12-28T06:38:41Z","54"
"493","68","reels","68146","228","744","850960","2024-02-17T12:19:57Z","53"
"494","18","static","18128","438","291","517740","2024-03-14T19:17:34Z","206"
"495","47","reels","18876","709","961","91881","2024-10-20T02:25:59Z","161"
"496","26","static","50758","551","673","584690","2024-08-22T15:04:09Z","200"
"497","61","carousel","71344","555","742","529353","2024-10-14T04:59:58Z","212"
"498","35","carousel","57743","66","350","338512","2024-12-12T15:29:45Z","92"
"499","54","static","88550","957","235","925764","2024-05-30T18:48:15Z","226"
"500","33","static","47840","475","485","264464","2024-07-01T23:10:13Z","166"
